/Tom_Carper: Carper, Thomas R.
/Susan_Collins: Collins, Susan M.
/Bill_Hagerty: Hagerty IV, William F.
/Mitch_McConnell: McConnell Jr., A. M.
/John_Hickenlooper: Hickenlooper, John W.
/Tommy_Tuberville: Tuberville, Thomas H.
/Jacky_Rosen: Rosen, Jacklyn S.
/Gary_Peters: Peters, Gary C.
/Chris_Coons: Coons, Christopher A.
/Roy_Blunt: Blunt, Roy D.
/Rick_Scott: Scott, Rick
/Mark_Warner: Warner, Mark R.
/Pat_Toomey: Toomey, Patrick J.
/Cynthia_Lummis: Lummis, Cynthia M.
/Shelley_Moore_Capito: Capito, Shelley M.
/Sheldon_Whitehouse: Whitehouse, Sheldon
/Roger_Marshall_(politician): Marshall, Roger W.
/John_Hoeven: Hoeven, John
/Rand_Paul: Paul, Rand
/Angus_King: King Jr., Angus S.
/Michael_Bennet: Bennet, Michael F.
/Ron_Wyden: Wyden, Ronald L.
/John_Boozman: Boozman, John
/Mike_Rounds: Rounds, Mike
/Jerry_Moran: Moran, Jerry
/Richard_Burr: Burr, Richard M.
/Tina_Smith: Smith, Tina
/Tammy_Duckworth: Duckworth, Ladda T.
/Dan_Sullivan_(U.S._senator): Sullivan, Daniel S.
/Jim_Inhofe: Inhofe, James M.
/Pat_Roberts: Roberts, Pat
/Bill_Cassidy: Cassidy, William
/Richard_Blumenthal: Blumenthal, Richard
/David_Perdue: Perdue Jr., David A.
/Kelly_Loeffler: Loeffler, Kelly
/Tim_Kaine: Kaine, Timothy M.
/Jeanne_Shaheen: Shaheen, Jeanne
/Ron_Johnson_(Wisconsin_politician): Johnson, Ron
/Roger_Wicker: Wicker, Roger F.
/Dianne_Feinstein: Feinstein, Dianne
/Lamar_Alexander: Alexander, Lamar
/John_Kennedy_(Louisiana_politician): Kennedy, John N.
/Ted_Cruz: Cruz, Rafael E.
/Tom_Udall: Udall, Thomas S.
/Jack_Reed_(Rhode_Island_politician): Reed, Jack
/Thom_Tillis: Tillis, Thomas R.
/John_Barrasso: Barrasso, John A.
/Bob_Casey_Jr.: Casey Jr., Robert P.
/Rob_Portman: Portman, Robert J.
/Ben_Cardin: Cardin, Benjamin L.
/Joe_Manchin: Manchin III, Joseph
/Mike_Crapo: Crapo, Michael D.
/Patty_Murray: Murray, Patty
/Steve_Daines: Daines, Steve
/Chris_Van_Hollen: Hollen, Chris V.
/John_Cornyn: Cornyn, John
/Maria_Cantwell: Cantwell, Maria E.
/Mike_Enzi: Enzi, Michael B.
/Cory_Booker: Booker, Cory A.
/Thad_Cochran: Cochran, Thad
/Elizabeth_Warren: Warren, Elizabeth
/Richard_Shelby: Shelby, Richard C.
/Virginia_Foxx: Foxx, Virginia
/Alan_Lowenthal: Lowenthal, Alan S.
/Donald_McEachin: McEachin, Aston D.
/Austin_Scott_(politician): Scott, Austin
/Thomas_Suozzi: Suozzi, Thomas
/Susie_Lee: Lee, Susie
/TJ_Cox: Cox, TJ J.
/Mo_Brooks: Brooks, Mo
/Rob_Wittman: Wittman, Robert J.
/Vern_Buchanan: Buchanan, Vern
/Lois_Frankel: Frankel, Lois
/Michael_McCaul: McCaul, Michael T.
/Suzan_DelBene: DelBene, Suzan K.
/Greg_Gianforte: Gianforte, Greg
/Lloyd_Smucker: Smucker, Lloyd K.
/Earl_Blumenauer: Blumenauer, Earl
/James_Comer_(politician): Comer, James
/James_Langevin: Langevin, James R.
/John_Curtis_(Utah_politician): Curtis, John
/Trey_Hollingsworth: Hollingsworth, Trey
/Anthony_Gonzalez_(politician): Gonzalez, Anthony E.
/Bill_Keating_(politician): Keating, William R.
/Ra%C3%BAl_Grijalva: Grijalva, Raúl M.
/Josh_Gottheimer: Gottheimer, Josh
/Katherine_Clark: Clark, Katherine M.
/David_McKinley: McKinley, David B.
/Nancy_Pelosi: Pelosi, Nancy
/Steve_Cohen_(politician): Cohen, Steve
/Gerry_Connolly: Connolly, Gerald E.
/Lloyd_Doggett: Doggett, Lloyd
/David_Price_(American_politician): Price, David E.
/Kathy_Manning: Manning, Kathy
/Sean_Patrick_Maloney: Maloney, Sean P.
/Mike_Simpson: Simpson, Michael K.
/Greg_Steube: Steube, William G.
/Don_Beyer: Beyer, Donald S.
/Mark_E._Green: Green, Mark
/Mike_Kelly_(Pennsylvania_politician): Kelly, Mike
/Marie_Newman: Newman, Marie
/Bobby_Scott_(politician): Scott, Robert C.
/Kurt_Schrader: Schrader, Kurt
/Buddy_Carter: Carter, Earl L.
/Chris_Jacobs_(politician): Jacobs, Christopher L.
/Hakeem_Jeffries: Jeffries, Hakeem S.
/Ro_Khanna: Khanna, Rohit
/Billy_Long: Long, Billy
/Grace_Meng: Meng, Grace
/Peter_Meijer: Meijer, Peter
/Rick_W._Allen: Allen, Richard W.
/Jim_Banks: Banks, James E.
/Debbie_Dingell: Dingell, Debbie
/Scott_Peters_(politician): Peters, Scott H.
/Blake_Moore: Moore, Blake
/Neal_Dunn: Dunn, Neal P.
/Hal_Rogers: Rogers, Harold D.
/Fred_Upton: Upton, Fred
/Doug_Lamborn: Lamborn, Doug
/Pete_Visclosky: Visclosky, Peter J.
/George_Holding: Holding, George
/Bob_Gibbs: Gibbs, Bob
/Sara_Jacobs: Jacobs, Sara
/Marjorie_Taylor_Greene: Greene, Marjorie T.
/David_Joyce_(politician): Joyce, David P.
/Carolyn_Maloney: Maloney, Carolyn B.
/Dwight_Evans_(politician): Evans, Dwight
/Doris_Matsui: Matsui, Doris O.
/Francis_Rooney: Rooney, Francis
/Dean_Phillips: Phillips, Dean
/Peter_Welch: Welch, Peter
/Ed_Case: Case, Ed
/French_Hill_(politician): Hill, James F.
/Gil_Cisneros: Cisneros, Gilbert
/Mike_Conaway: Conaway, K. M.
/Zoe_Lofgren: Lofgren, Zoe
/Chuck_Fleischmann: Fleischmann, Charles J.
/Cheri_Bustos: Bustos, Cheri
/August_Pfluger: Pfluger, August L.
/Brian_Mast: Mast, Brian
/John_Yarmuth: Yarmuth, John A.
/Scott_Franklin_(politician): Franklin, Scott
/John_Rutherford_(Florida_politician): Rutherford, John
/Kevin_Hern: Hern, Kevin
/Ann_Wagner: Wagner, Ann
/Mike_Garcia_(politician): Garcia, Mike
/Tom_Malinowski: Malinowski, Tom
/Brad_Schneider: Schneider, Bradley S.
/Kim_Schrier: Schrier, Kim
/Cindy_Axne: Axne, Cynthia
/Dan_Crenshaw: Crenshaw, Daniel
/Victoria_Spartz: Spartz, Victoria
/David_Rouzer: Rouzer, David C.
/Tom_Rice: Rice, Tom
/Brian_Higgins: Higgins, Brian
/Susan_Davis_(politician): Davis, Susan A.
/Van_Taylor: Taylor, Nicholas V.
/David_Kustoff: Kustoff, David
/Pat_Fallon: Fallon, Patrick
/Joe_Courtney_(politician): Courtney, Joe
/Ed_Perlmutter: Perlmutter, Ed
/Mikie_Sherrill: Sherrill, Mikie
/Debbie_Wasserman_Schultz: Schultz, Debbie W.
/Michael_C._Burgess: Burgess, Michael C.
/Andrew_Garbarino: Garbarino, Andrew
/Michael_Guest_(politician): Guest, Michael P.
/Michael_Waltz: Waltz, Michael
/Adam_Schiff: Schiff, Adam B.
/Lacy_Clay: Clay Jr., William L.
/Chellie_Pingree: Pingree, Chellie
/Pete_Sessions: Sessions, Pete
/Gus_Bilirakis: Bilirakis, Gus M.
/Mike_Gallagher_(American_politician): Gallagher, Michael J.
/Frank_Pallone: Pallone, Frank
/Seth_Moulton: Moulton, Seth
/Kathy_Castor: Castor, Kathy
/Ashley_Hinson: Arenholz, Ashley H.
/Ken_Buck: Buck, Kenneth R.
/Madison_Cawthorn: Cawthorn, David M.
/Lori_Trahan: Trahan, Lori
/Garret_Graves: Graves, Garret
/Deborah_K._Ross: Ross, Deborah K.
/Bob_Latta: Latta, Robert E.
/Tom_O%27Halleran: "OHalleran, Tom", /Phil_Roe_(politician): Roe, David P.
/Adam_Kinzinger: Kinzinger, Adam
/Donna_Shalala: Shalala, Donna
/William_Timmons: Timmons, William R.
/Kenny_Marchant: Marchant, Kenny
/Dan_Meuser: Meuser, Daniel
/Harley_Rouda: Rouda, Harley E.
/David_Trone: Trone, David
/Matt_Gaetz: Gaetz, Matt
/Bill_Huizenga: Huizenga, Bill
/Judy_Chu: Chu, Judy
/Joe_Kennedy_III: Kennedy, Joseph P.
/Susan_Brooks: Brooks, Susan W.
/Abigail_Spanberger: Spanberger, Abigail
/Linda_S%C3%A1nchez: Sanchez, Linda T.
/Eleanor_Holmes_Norton: Norton, Eleanor H.
/Jamie_Raskin: Raskin, Jamie
/Barry_Moore_(Alabama_politician): Moore, Felix B.
/Carol_Miller_(politician): Miller, Carol D.
/Joseph_Morelle: Morelle, Joseph D.
/Patrick_McHenry: McHenry, Patrick T.
/Larry_Bucshon: Bucshon, Larry
/Bill_Pascrell: Pascrell, Bill
/Elaine_Luria: Luria, Elaine
/Bill_Flores: Flores, Bill
/John_B._Larson: Larson, John B.
/Steve_Chabot: Chabot, Steve
/Raja_Krishnamoorthi: Krishnamoorthi, S. R.
/Tim_Burchett: Burchett, Tim
/Mario_D%C3%ADaz-Balart: Diaz-Balart, Mario
/Dan_Newhouse: Newhouse, Dan
/Stephanie_Bice: Bice, Stephanie
/Thomas_Massie: Massie, Thomas
/Jim_Hagedorn: Hagedorn, James
/Justin_Amash: Amash, Justin
